Time,Temp,A1 ,A2 ,A3 ,A4 ,A5 ,A6 ,A7 ,A8 ,A9 ,A10 ,A11,A12,B1 ,B2 ,B3 ,B4 ,B5 ,B6 ,B7 ,B8 ,B9 ,B10 ,B11,B12,C1 ,C2 ,C3 ,C4 ,C5 ,C6 ,C7 ,C8 ,C9 ,C10 ,C11,C12,D1 ,D2 ,D3 ,D4 ,D5 ,D6 ,D7 ,D8 ,D9 ,D10 ,D11,D12,E1 ,E2 ,E3 ,E4 ,E5 ,E6 ,E7 ,E8 ,E9 ,E10 ,E11,E12,F1 ,F2 ,F3 ,F4 ,F5 ,F6 ,F7 ,F8 ,F9 ,F10 ,F11,F12,G1 ,G2 ,G3 ,G4 ,G5 ,G6 ,G7 ,G8 ,G9 ,G10 ,G11,G12,H1 ,H2 ,H3 ,H4 ,H5 ,H6 ,H7 ,H8 ,H9 ,H10 ,H11,H12
0:29:16,37,0.013,0.009,0.009,0.008,0.007,0.005,0.006,0.001,0,0,0,0,0.012,0.01,0.011,0.008,0.01,0.008,0.009,0.004,0.002,0.001,0.001,0,0.013,0.01,0.01,0.009,0.008,0.007,0.017,0.002,0.006,0.002,0,0.002,0.012,0.009,0.01,0.008,0.009,0.008,0.011,0,0,0.003,0,0,0.01,0.006,0.009,0.008,0.008,0.008,0.009,0.003,0,0.002,0.003,0,0.001,0,0,0.001,0.001,0.002,0,0,0,0.003,0,0.003,0.002,0,0,0.002,0.002,0.001,0,0.001,0.001,0.002,0.001,0,0.002,0,0,0,0.001,0,0,0,0,0.001,0,0
0:59:16,37,0.015,0.01,0.01,0.007,0.007,0.006,0.006,0.001,0,0,0,0,0.014,0.01,0.011,0.009,0.01,0.008,0.009,0.004,0.002,0.002,0.002,0,0.014,0.011,0.01,0.009,0.008,0.007,0.02,0.002,0.007,0.003,0,0.002,0.013,0.01,0.011,0.009,0.009,0.008,0.011,0,0,0.003,0,0,0.011,0.007,0.009,0.009,0.008,0.009,0.01,0.003,0,0.002,0.003,0,0.002,0.001,0.001,0.001,0.001,0.001,0,0,0,0.003,0,0.003,0.003,0,0.001,0.002,0.001,0.001,0,0.001,0,0.002,0.001,0,0.001,0,0,0,0.001,0,0,0,0,0.001,0,0
1:29:16,37,0.016,0.01,0.01,0.007,0.008,0.006,0.006,0.001,0,0,0,0,0.015,0.011,0.012,0.009,0.01,0.008,0.009,0.004,0.002,0.002,0.002,0,0.015,0.011,0.01,0.009,0.008,0.007,0.02,0.002,0.007,0.003,0,0.002,0.013,0.01,0.011,0.009,0.009,0.008,0.011,0,0,0.003,0,0,0.012,0.007,0.009,0.009,0.008,0.009,0.01,0.003,0,0.002,0.003,0,0.002,0,0.001,0.001,0.001,0.001,0,0,0,0.003,0,0.003,0.003,0,0.001,0.002,0.001,0.001,0,0.001,0,0.002,0.001,0,0.001,0,0,0,0.001,0,0,0,0,0.001,0,0
1:59:16,37,0.018,0.012,0.011,0.008,0.008,0.006,0.006,0.001,0,0,0,0,0.017,0.013,0.013,0.009,0.011,0.008,0.009,0.004,0.002,0.002,0.002,0,0.018,0.013,0.011,0.01,0.009,0.007,0.019,0.002,0.007,0.003,0,0.002,0.016,0.011,0.012,0.009,0.01,0.009,0.011,0,0,0.003,0,0,0.014,0.008,0.01,0.009,0.008,0.009,0.01,0.003,0,0.001,0.003,0,0.002,0,0,0.001,0.001,0.001,0,0,0,0.003,0,0.003,0.003,0,0,0.002,0.001,0.001,0,0.001,0,0.002,0.001,0,0.001,0,0,0,0.001,0,0,0,0,0.001,0,0
2:29:16,37,0.024,0.016,0.013,0.008,0.008,0.006,0.006,0,0,0,0,0,0.022,0.017,0.014,0.01,0.011,0.009,0.009,0.004,0.002,0.002,0.002,0,0.023,0.017,0.013,0.011,0.009,0.007,0.02,0.002,0.007,0.003,0,0.002,0.021,0.015,0.014,0.01,0.01,0.009,0.011,0,0,0.003,0,0,0.019,0.012,0.012,0.011,0.009,0.009,0.009,0.003,0,0.001,0.003,0,0.002,0,0,0.001,0.001,0.001,0,0,0,0.003,0,0.003,0.003,0,0,0.001,0.001,0.001,0,0.001,0,0.002,0.001,0,0.001,0,0,0,0.001,0,0,0,0,0.001,0,0
2:59:16,37,0.033,0.024,0.016,0.011,0.009,0.007,0.006,0.001,0,0,0,0,0.032,0.025,0.018,0.011,0.012,0.009,0.009,0.004,0.002,0.002,0.002,0,0.033,0.025,0.016,0.012,0.01,0.008,0.015,0.002,0.006,0.002,0,0.002,0.033,0.021,0.017,0.011,0.011,0.009,0.011,0,0,0.003,0,0,0.029,0.019,0.017,0.013,0.01,0.009,0.009,0.003,0,0.002,0.003,0,0.002,0.001,0,0.001,0.001,0.001,0,0,0,0.003,0,0.003,0.004,0,0,0.002,0.001,0.001,0,0.001,0,0.002,0.001,0,0.002,0,0,0,0.001,0,0,0,0,0.001,0,0
3:29:16,37,0.051,0.041,0.025,0.014,0.01,0.007,0.006,0,0,0,0,0,0.048,0.039,0.026,0.014,0.012,0.01,0.008,0.004,0.002,0.002,0.002,0,0.05,0.038,0.024,0.015,0.011,0.008,0.015,0.002,0.006,0.002,0,0.002,0.05,0.035,0.025,0.014,0.012,0.01,0.011,0,0,0.003,0,0,0.052,0.033,0.026,0.017,0.011,0.01,0.009,0.003,0,0.001,0.002,0,0.002,0.001,0,0.001,0.001,0.001,0,0,0,0.003,0,0.003,0.004,0,0,0.002,0.001,0.001,0,0.001,0,0.002,0.001,0,0.002,0,0,0,0.001,0,0,0,0,0.001,0,0
3:59:16,37,0.084,0.069,0.043,0.021,0.013,0.009,0.006,0.001,0,0,0,0,0.074,0.064,0.042,0.02,0.014,0.011,0.009,0.004,0.002,0.002,0.002,0,0.079,0.06,0.038,0.021,0.013,0.009,0.014,0.002,0.006,0.003,0,0.002,0.08,0.057,0.041,0.02,0.014,0.011,0.011,0,0,0.003,0,0,0.089,0.061,0.045,0.026,0.013,0.011,0.01,0.003,0,0.002,0.003,0,0.002,0.001,0,0.001,0.001,0.001,0,0,0,0.003,0,0.003,0.004,0,0.001,0.002,0.001,0.001,0,0.001,0.001,0.002,0.001,0,0.002,0,0.001,0,0.001,0,0,0,0,0.001,0,0
4:29:16,37,0.123,0.103,0.071,0.035,0.018,0.012,0.006,0.001,0,0,0,0,0.111,0.097,0.067,0.031,0.017,0.013,0.008,0.004,0.002,0.002,0.002,0,0.117,0.093,0.062,0.032,0.016,0.011,0.014,0.002,0.006,0.002,0,0.002,0.122,0.091,0.065,0.031,0.017,0.013,0.011,0,0,0.003,0,0,0.132,0.096,0.077,0.042,0.017,0.014,0.009,0.003,0,0.002,0.002,0,0.002,0.001,0,0.001,0.001,0.001,0,0,0,0.003,0,0.003,0.004,0,0,0.002,0.001,0.001,0,0.001,0,0.002,0.001,0,0.001,0,0,0,0.001,0,0,0,0,0.001,0,0
4:59:16,37,0.157,0.131,0.101,0.058,0.027,0.017,0.006,0,0,0,0,0,0.145,0.127,0.097,0.05,0.023,0.016,0.008,0.004,0.002,0.002,0.002,0,0.152,0.125,0.091,0.05,0.021,0.014,0.015,0.002,0.006,0.003,0,0.002,0.158,0.125,0.099,0.051,0.022,0.016,0.011,0,0,0.003,0,0,0.169,0.131,0.11,0.068,0.025,0.019,0.009,0.003,0,0.002,0.003,0,0.002,0.001,0,0.001,0.001,0.001,0,0,0,0.003,0,0.003,0.004,0,0,0.002,0.001,0.001,0,0.001,0,0.002,0.001,0,0.002,0,0,0,0.001,0,0,0,0,0.001,0,0
5:29:16,37,0.195,0.167,0.133,0.087,0.041,0.028,0.006,0.001,0,0,0,0,0.183,0.165,0.13,0.077,0.033,0.023,0.008,0.005,0.002,0.002,0.002,0,0.189,0.158,0.121,0.078,0.032,0.021,0.013,0.002,0.005,0.003,0,0.002,0.191,0.161,0.129,0.08,0.034,0.022,0.011,0,0,0.003,0,0,0.203,0.16,0.145,0.097,0.038,0.029,0.009,0.003,0,0.001,0.003,0,0.002,0.001,0,0.001,0.001,0.001,0,0,0,0.003,0,0.002,0.004,0,0.001,0.002,0.001,0.001,0,0.001,0,0.002,0.002,0,0.001,0,0,0,0.001,0,0,0,0,0.001,0,0
5:59:16,37,0.224,0.198,0.156,0.113,0.062,0.045,0.006,0.001,0,0,0,0,0.217,0.195,0.149,0.099,0.052,0.037,0.008,0.005,0.002,0.002,0.002,0,0.221,0.183,0.147,0.098,0.047,0.033,0.013,0.002,0.005,0.003,0,0.002,0.226,0.182,0.156,0.105,0.051,0.035,0.011,0,0,0.003,0,0,0.234,0.187,0.172,0.127,0.056,0.045,0.009,0.003,0,0.001,0.003,0,0.002,0.001,0,0.001,0.001,0.001,0,0,0,0.003,0,0.002,0.004,0,0.001,0.002,0.001,0.001,0,0.001,0,0.002,0.001,0,0.001,0,0.001,0,0.001,0,0,0,0,0.001,0,0
6:29:16,37,0.252,0.22,0.18,0.139,0.086,0.067,0.005,0,0,0,0,0,0.239,0.217,0.177,0.128,0.075,0.057,0.007,0.004,0.001,0.001,0.001,0,0.245,0.201,0.168,0.124,0.067,0.053,0.013,0.001,0.004,0.002,0,0.001,0.248,0.207,0.181,0.133,0.075,0.053,0.01,0,0,0.002,0,0,0.258,0.204,0.194,0.156,0.078,0.068,0.008,0.002,0,0.001,0.002,0,0.001,0,0,0,0,0,0,0,0,0.002,0,0.002,0.003,0,0,0.001,0,0,0,0,0,0.001,0.001,0,0,0,0,0,0,0,0,0,0,0,0,0
6:59:16,37,0.275,0.242,0.198,0.164,0.114,0.095,0.006,0.001,0,0,0,0,0.258,0.241,0.203,0.156,0.098,0.084,0.008,0.005,0.002,0.002,0.002,0,0.267,0.22,0.196,0.152,0.088,0.079,0.014,0.002,0.005,0.003,0,0.002,0.271,0.221,0.203,0.158,0.097,0.079,0.011,0,0,0.003,0,0,0.284,0.222,0.209,0.184,0.103,0.095,0.009,0.003,0,0.002,0.003,0,0.002,0.001,0,0.001,0.001,0.001,0,0,0,0.003,0,0.003,0.004,0,0.001,0.002,0.001,0.001,0,0.001,0,0.002,0.001,0,0.001,0,0,0,0.001,0,0,0,0,0.001,0,0
7:29:16,37,0.293,0.263,0.223,0.186,0.143,0.124,0.006,0.001,0,0,0,0,0.275,0.257,0.215,0.177,0.124,0.109,0.008,0.005,0.002,0.002,0.002,0,0.283,0.233,0.206,0.171,0.109,0.104,0.013,0.002,0.005,0.003,0,0.002,0.294,0.226,0.213,0.182,0.124,0.105,0.011,0.001,0,0.003,0,0,0.305,0.235,0.226,0.208,0.132,0.123,0.009,0.003,0,0.002,0.003,0,0.002,0.001,0,0.001,0.001,0.001,0,0,0,0.003,0.001,0.003,0.004,0,0.001,0.002,0.001,0.001,0,0.001,0,0.002,0.002,0,0.001,0,0.001,0,0.001,0,0,0,0,0.001,0,0
7:59:16,37,0.311,0.281,0.241,0.205,0.17,0.154,0.006,0.001,0,0,0,0,0.293,0.278,0.236,0.201,0.156,0.142,0.008,0.005,0.002,0.002,0.002,0,0.301,0.252,0.222,0.198,0.133,0.137,0.014,0.002,0.005,0.003,0,0.002,0.308,0.246,0.23,0.201,0.157,0.135,0.011,0,0,0.002,0,0,0.329,0.252,0.24,0.223,0.157,0.154,0.009,0.003,0,0.001,0.003,0,0.002,0.001,0,0.001,0.001,0.001,0,0,0,0.003,0,0.002,0.004,0,0.001,0.002,0.001,0.001,0,0.001,0,0.002,0.001,0,0.001,0,0,0,0.001,0,0,0,0,0.001,0,0
8:29:16,37,0.322,0.296,0.252,0.225,0.196,0.179,0.005,0,0,0,0,0,0.301,0.289,0.245,0.221,0.171,0.156,0.007,0.004,0.001,0.001,0.001,0,0.314,0.258,0.232,0.213,0.156,0.159,0.013,0.001,0.004,0.002,0,0.001,0.319,0.245,0.237,0.216,0.175,0.161,0.01,0,0,0.002,0,0,0.345,0.261,0.252,0.237,0.179,0.179,0.008,0.002,0,0.001,0.002,0,0.001,0,0,0,0,0,0,0,0,0.002,0,0.002,0.003,0,0,0.001,0,0,0,0,0,0.001,0.001,0,0,0,0,0,0,0,0,0,0,0,0,0
8:59:16,37,0.338,0.311,0.267,0.242,0.223,0.203,0.005,0,0,0,0,0,0.31,0.302,0.255,0.238,0.198,0.189,0.007,0.004,0.002,0.001,0.001,0,0.322,0.272,0.238,0.227,0.176,0.19,0.013,0.001,0.005,0.002,0,0.001,0.332,0.256,0.246,0.234,0.197,0.186,0.01,0,0,0.002,0,0,0.358,0.272,0.262,0.251,0.2,0.2,0.008,0.002,0,0.001,0.002,0,0.001,0,0,0,0,0,0,0,0,0.002,0,0.002,0.003,0,0,0.001,0,0,0,0,0,0.001,0.001,0,0,0,0,0,0,0,0,0,0,0,0,0
9:29:16,37,0.348,0.318,0.28,0.259,0.247,0.228,0.006,0.001,0,0,0,0,0.316,0.311,0.267,0.256,0.218,0.208,0.008,0.005,0.002,0.002,0.002,0,0.332,0.279,0.246,0.246,0.194,0.209,0.014,0.002,0.005,0.003,0,0.002,0.347,0.263,0.255,0.246,0.217,0.207,0.011,0,0,0.003,0,0,0.371,0.281,0.276,0.261,0.221,0.218,0.009,0.003,0,0.001,0.003,0,0.001,0.001,0,0.001,0.001,0.001,0,0,0,0.003,0,0.003,0.004,0,0.001,0.002,0.001,0.001,0,0.001,0,0.002,0.002,0,0.001,0,0,0,0.001,0,0,0,0,0.001,0,0
9:59:16,37,0.354,0.327,0.288,0.273,0.269,0.249,0.005,0,0,0,0,0,0.32,0.318,0.273,0.269,0.229,0.227,0.007,0.004,0.001,0.001,0.001,0,0.338,0.283,0.248,0.254,0.21,0.222,0.013,0.001,0.004,0.002,0,0.001,0.352,0.268,0.259,0.258,0.232,0.219,0.01,0,0,0.002,0,0,0.38,0.29,0.285,0.27,0.24,0.228,0.007,0.002,0,0.001,0.002,0,0.001,0,0,0,0,0,0,0,0,0.002,0,0.002,0.003,0,0,0.001,0,0,0,0,0,0.001,0.001,0,0,0,0,0,0,0,0,0,0,0,0,0
10:29:16,37,0.357,0.335,0.296,0.287,0.285,0.272,0.005,0,0,0,0,0,0.326,0.322,0.285,0.283,0.244,0.24,0.007,0.004,0.001,0.001,0.001,0,0.342,0.287,0.256,0.271,0.224,0.238,0.012,0.001,0.004,0.002,0,0.001,0.358,0.273,0.27,0.271,0.246,0.231,0.01,0,0,0.002,0,0,0.391,0.296,0.297,0.278,0.257,0.24,0.007,0.002,0,0.001,0.002,0,0.001,0,0,0,0,0,0,0,0,0.002,0,0.001,0.003,0,0,0.001,0,0,0,0,0,0.001,0.001,0,0,0,0,0,0,0,0,0,0,0,0,0
10:59:16,37,0.367,0.343,0.305,0.299,0.303,0.29,0.006,0.001,0,0,0,0,0.331,0.326,0.293,0.295,0.257,0.252,0.008,0.005,0.002,0.002,0.002,0,0.347,0.292,0.262,0.283,0.236,0.25,0.013,0.002,0.005,0.003,0,0.002,0.367,0.281,0.279,0.285,0.262,0.245,0.011,0,0,0.003,0,0,0.399,0.304,0.306,0.288,0.271,0.252,0.008,0.003,0,0.002,0.003,0,0.002,0.001,0,0.001,0.001,0.001,0,0,0,0.003,0,0.003,0.004,0,0.001,0.002,0.001,0.001,0,0.001,0,0.002,0.002,0,0.001,0,0,0,0.001,0,0,0,0,0.001,0,0
11:29:16,37,0.372,0.349,0.309,0.307,0.316,0.304,0.004,0,0,0,0,0,0.336,0.33,0.302,0.31,0.268,0.267,0.007,0.004,0.001,0.001,0.001,0,0.354,0.293,0.269,0.296,0.244,0.264,0.012,0.001,0.004,0.002,0,0.001,0.371,0.283,0.283,0.296,0.274,0.253,0.01,0,0,0.002,0,0,0.405,0.31,0.313,0.294,0.281,0.261,0.007,0.002,0,0,0.002,0,0.001,0,0,0,0,0,0,0,0,0.002,0,0.002,0.003,0,0,0.001,0,0,0,0,0,0.001,0,0,0,0,0,0,0,0,0,0,0,0,0,0
11:59:16,37,0.377,0.355,0.314,0.316,0.328,0.316,0.005,0,0,0,0,0,0.34,0.334,0.309,0.32,0.279,0.28,0.007,0.004,0.001,0.001,0.001,0,0.359,0.296,0.275,0.308,0.252,0.278,0.012,0.001,0.004,0.002,0,0.001,0.375,0.289,0.291,0.307,0.288,0.263,0.01,0,0,0.002,0,0,0.41,0.315,0.32,0.301,0.29,0.268,0.007,0.002,0,0.001,0.002,0,0.001,0,0,0,0,0,0,0,0,0.002,0,0.002,0.003,0,0,0.001,0,0,0,0,0,0.001,0.001,0,0,0,0,0,0,0,0,0,0,0,0,0
12:29:16,37,0.381,0.359,0.319,0.321,0.337,0.326,0.004,0,0,0,0,0,0.342,0.338,0.318,0.33,0.29,0.289,0.007,0.004,0.001,0.001,0.001,0,0.359,0.299,0.284,0.319,0.258,0.286,0.012,0.001,0.004,0.002,0,0.001,0.378,0.293,0.299,0.316,0.299,0.269,0.01,0,0,0.002,0,0,0.414,0.32,0.326,0.306,0.299,0.275,0.007,0.002,0,0,0.002,0,0.001,0,0,0,0,0,0,0,0,0.002,0,0.001,0.003,0,0,0.001,0,0,0,0,0,0.001,0,0,0,0,0,0,0,0,0,0,0,0,0,0
12:59:16,37,0.386,0.366,0.323,0.329,0.345,0.335,0.005,0.001,0,0,0,0,0.348,0.345,0.327,0.341,0.3,0.301,0.008,0.005,0.002,0.002,0.002,0,0.368,0.305,0.29,0.328,0.268,0.299,0.013,0.002,0.005,0.003,0,0.002,0.384,0.3,0.307,0.326,0.309,0.281,0.011,0,0,0.003,0,0,0.419,0.326,0.332,0.312,0.306,0.283,0.008,0.003,0,0.002,0.003,0,0.002,0.001,0,0.001,0.001,0.001,0,0,0,0.003,0,0.003,0.004,0,0.001,0.002,0.001,0.001,0,0.001,0,0.002,0.002,0,0.001,0,0,0,0.001,0,0,0,0,0.001,0,0
13:29:16,37,0.388,0.37,0.327,0.333,0.35,0.341,0.004,0,0,0,0,0,0.352,0.348,0.331,0.349,0.306,0.309,0.007,0.004,0.001,0.001,0.001,0,0.372,0.307,0.291,0.337,0.273,0.307,0.012,0.001,0.004,0.002,0,0.001,0.386,0.301,0.312,0.332,0.316,0.286,0.009,0,0,0.001,0,0,0.421,0.329,0.337,0.316,0.312,0.288,0.007,0.002,0,0,0.002,0,0.001,0,0,0,0,0,0,0,0,0.002,0,0.001,0.003,0,0,0.001,0,0,0,0,0,0.001,0,0,0,0,0,0,0,0,0,0,0,0,0,0
13:59:16,37.1,0.393,0.373,0.331,0.338,0.357,0.347,0.005,0,0,0,0,0,0.356,0.352,0.337,0.355,0.314,0.315,0.007,0.004,0.001,0.001,0.001,0,0.376,0.309,0.298,0.343,0.279,0.317,0.012,0.001,0.004,0.002,0,0.001,0.389,0.306,0.316,0.339,0.326,0.294,0.01,0,0,0.001,0,0,0.424,0.334,0.341,0.321,0.317,0.294,0.007,0.002,0,0.001,0.002,0,0.001,0,0,0,0,0,0,0,0,0.002,0,0.001,0.003,0,0,0.001,0,0,0,0,0,0.001,0,0,0,0,0,0,0,0,0,0,0,0,0,0
14:29:16,37,0.396,0.377,0.333,0.342,0.361,0.352,0.004,0,0,0,0,0,0.359,0.356,0.343,0.362,0.319,0.322,0.007,0.004,0.001,0.001,0.001,0,0.379,0.314,0.304,0.351,0.283,0.324,0.012,0.001,0.004,0.002,0,0.001,0.392,0.312,0.324,0.346,0.332,0.299,0.009,0,0,0.001,0,0,0.428,0.337,0.347,0.323,0.322,0.299,0.007,0.002,0,0.001,0.002,0,0.001,0,0,0,0,0,0,0,0,0.002,0,0.001,0.003,0,0,0.001,0,0,0,0,0,0.001,0.001,0,0,0,0,0,0,0,0,0,0,0,0,0
14:59:16,37,0.399,0.381,0.337,0.346,0.365,0.356,0.005,0,0,0,0,0,0.364,0.36,0.347,0.368,0.326,0.329,0.007,0.004,0.001,0.001,0.001,0,0.383,0.318,0.308,0.356,0.289,0.331,0.012,0.001,0.004,0.002,0,0.001,0.395,0.316,0.327,0.351,0.339,0.305,0.01,0,0,0.001,0,0,0.43,0.341,0.351,0.327,0.326,0.304,0.007,0.002,0,0.001,0.002,0,0.001,0,0,0,0,0,0,0,0,0.002,0,0.001,0.003,0,0,0.001,0,0,0,0,0,0.001,0,0,0,0,0,0,0,0,0,0,0,0,0,0
15:29:16,37,0.402,0.384,0.34,0.349,0.369,0.36,0.004,0,0,0,0,0,0.368,0.364,0.351,0.373,0.328,0.333,0.007,0.004,0.001,0.001,0.001,0,0.386,0.321,0.312,0.361,0.292,0.338,0.012,0.001,0.004,0.002,0,0.001,0.398,0.319,0.332,0.357,0.344,0.309,0.009,0,0,0.002,0,0,0.433,0.344,0.355,0.33,0.329,0.309,0.007,0.002,0,0,0.002,0,0.001,0,0,0,0,0,0,0,0,0.002,0,0.002,0.003,0,0,0.001,0,0,0,0,0,0.001,0,0,0,0,0,0,0,0,0,0,0,0,0,0
15:59:16,37,0.404,0.388,0.343,0.353,0.372,0.364,0.004,0,0,0,0,0,0.371,0.367,0.357,0.376,0.332,0.337,0.007,0.004,0.001,0.001,0.001,0,0.389,0.323,0.316,0.364,0.297,0.343,0.012,0.001,0.004,0.002,0,0.001,0.402,0.322,0.335,0.36,0.349,0.311,0.009,0,0,0.001,0,0,0.435,0.348,0.36,0.333,0.333,0.312,0.007,0.002,0,0.001,0.002,0,0.001,0,0,0,0,0,0,0,0,0.002,0,0.002,0.003,0,0,0.001,0,0,0,0,0,0.001,0,0,0,0,0,0,0,0,0,0,0,0,0,0
16:29:16,37.1,0.406,0.391,0.346,0.355,0.375,0.368,0.005,0,0,0,0,0,0.374,0.372,0.362,0.382,0.337,0.341,0.007,0.004,0.001,0.001,0.001,0,0.392,0.327,0.322,0.37,0.3,0.347,0.012,0.001,0.004,0.002,0,0.001,0.405,0.328,0.341,0.366,0.353,0.315,0.009,0,0,0.001,0,0,0.437,0.352,0.363,0.336,0.336,0.315,0.007,0.002,0,0.001,0.002,0,0.001,0,0,0,0,0,0,0,0,0.002,0,0.002,0.003,0,0,0.001,0,0,0,0,0,0.001,0.001,0,0,0,0,0,0,0,0,0,0,0,0,0
16:59:16,37,0.408,0.394,0.348,0.359,0.378,0.371,0.005,0,0,0,0,0,0.377,0.375,0.365,0.385,0.34,0.344,0.007,0.004,0.001,0.001,0.001,0,0.394,0.33,0.326,0.375,0.302,0.352,0.012,0.001,0.004,0.002,0,0.001,0.408,0.331,0.345,0.369,0.357,0.319,0.009,0,0,0.001,0,0,0.44,0.355,0.367,0.338,0.339,0.319,0.007,0.002,0,0.001,0.002,0,0.001,0,0,0,0,0,0,0,0,0.002,0,0.002,0.003,0,0,0.001,0,0,0,0,0,0.001,0.001,0,0,0,0,0,0,0,0,0,0,0,0,0
17:29:16,37,0.411,0.397,0.352,0.361,0.38,0.374,0.005,0,0,0,0,0,0.38,0.379,0.369,0.388,0.343,0.346,0.007,0.004,0.001,0.001,0.001,0,0.397,0.333,0.329,0.378,0.305,0.355,0.012,0.001,0.004,0.002,0,0.001,0.41,0.334,0.348,0.372,0.36,0.321,0.009,0,0,0.002,0,0,0.441,0.358,0.371,0.341,0.342,0.322,0.007,0.002,0,0,0.002,0,0,0,0,0,0,0,0,0,0,0.002,0,0.001,0.003,0,0,0.001,0,0,0,0,0,0.001,0,0,0,0,0,0,0,0,0,0,0,0,0,0
17:59:16,37,0.414,0.401,0.354,0.363,0.383,0.376,0.005,0,0,0,0,0,0.383,0.383,0.373,0.39,0.346,0.349,0.007,0.004,0.001,0.001,0.001,0,0.399,0.336,0.334,0.381,0.308,0.358,0.012,0.001,0.004,0.002,0,0.001,0.413,0.338,0.353,0.376,0.363,0.324,0.009,0,0,0.001,0,0,0.443,0.362,0.375,0.343,0.344,0.324,0.007,0.002,0,0.001,0.002,0,0,0,0,0,0,0,0,0,0,0.002,0,0.002,0.003,0,0,0.001,0,0,0,0,0,0.001,0,0,0,0,0,0,0,0,0,0,0,0,0,0
18:29:16,37,0.417,0.405,0.357,0.365,0.385,0.379,0.005,0,0,0,0,0,0.386,0.385,0.376,0.393,0.348,0.35,0.007,0.004,0.001,0.001,0.001,0,0.402,0.339,0.337,0.384,0.31,0.363,0.012,0.001,0.004,0.002,0,0.001,0.416,0.341,0.356,0.378,0.366,0.326,0.009,0,0,0.001,0,0,0.444,0.365,0.379,0.345,0.346,0.327,0.007,0.002,0,0.001,0.002,0,0,0,0,0,0,0,0,0,0,0.002,0,0.001,0.003,0,0,0.001,0,0,0,0,0,0.001,0,0,0,0,0,0,0,0,0,0,0,0,0,0
18:59:16,37,0.42,0.407,0.359,0.367,0.387,0.382,0.005,0,0,0,0,0,0.388,0.389,0.38,0.396,0.35,0.353,0.007,0.004,0.001,0.001,0.001,0,0.404,0.342,0.34,0.386,0.312,0.366,0.012,0.001,0.004,0.002,0,0.001,0.418,0.345,0.36,0.381,0.369,0.328,0.009,0,0,0.002,0,0,0.446,0.368,0.382,0.348,0.348,0.329,0.007,0.002,0,0.001,0.002,0,0.001,0,0,0,0,0,0,0,0,0.002,0,0.002,0.003,0,0,0.001,0,0,0,0,0,0.001,0,0,0,0,0,0,0,0,0,0,0,0,0,0
19:29:16,37,0.423,0.412,0.363,0.37,0.391,0.385,0.006,0.001,0,0,0,0,0.391,0.393,0.384,0.4,0.354,0.356,0.007,0.005,0.002,0.002,0.002,0,0.408,0.346,0.347,0.391,0.315,0.369,0.013,0.002,0.005,0.003,0,0.002,0.421,0.349,0.365,0.385,0.372,0.331,0.01,0,0,0.003,0,0,0.448,0.372,0.387,0.351,0.35,0.332,0.008,0.003,0,0.001,0.003,0,0.002,0.001,0,0.001,0.001,0.001,0,0,0,0.003,0,0.003,0.004,0,0.001,0.002,0.001,0.001,0,0.001,0,0.002,0.001,0,0.001,0,0,0,0.001,0,0,0,0,0.001,0,0
19:59:16,37,0.425,0.414,0.365,0.371,0.391,0.386,0.005,0,0,0,0,0,0.393,0.395,0.386,0.401,0.355,0.357,0.007,0.004,0.001,0.001,0.001,0,0.409,0.348,0.348,0.392,0.316,0.37,0.012,0.001,0.004,0.002,0,0.001,0.422,0.351,0.367,0.387,0.373,0.332,0.009,0,0,0.002,0,0,0.449,0.374,0.39,0.353,0.351,0.334,0.007,0.002,0,0.001,0.002,0,0.001,0,0,0,0,0,0,0,0,0.002,0,0.002,0.003,0,0,0.001,0,0,0,0,0,0.001,0,0,0,0,0,0,0,0,0,0,0,0,0,0
20:29:16,37,0.427,0.418,0.367,0.373,0.393,0.388,0.005,0,0,0,0,0,0.395,0.398,0.389,0.403,0.356,0.359,0.007,0.004,0.001,0,0.001,0,0.411,0.35,0.351,0.395,0.318,0.372,0.012,0.001,0.004,0.002,0,0.001,0.423,0.354,0.37,0.389,0.375,0.334,0.009,0,0,0.002,0,0,0.451,0.377,0.394,0.355,0.353,0.336,0.007,0.002,0,0.001,0.002,0,0.001,0,0,0,0,0,0,0,0,0.002,0,0.002,0.003,0,0,0.001,0,0,0,0,0,0.001,0.001,0,0,0,0,0,0,0,0,0,0,0,0,0
20:59:16,37.1,0.429,0.422,0.37,0.376,0.395,0.39,0.005,0,0,0,0,0,0.397,0.401,0.392,0.405,0.358,0.361,0.007,0.004,0.001,0.001,0.001,0,0.413,0.353,0.355,0.396,0.32,0.375,0.012,0.001,0.004,0.002,0,0.001,0.425,0.356,0.374,0.392,0.377,0.335,0.009,0,0,0.001,0,0,0.452,0.38,0.398,0.357,0.354,0.338,0.007,0.002,0,0.001,0.002,0,0.001,0,0,0,0,0,0,0,0,0.002,0,0.001,0.003,0,0,0.001,0,0,0,0,0,0.001,0.001,0,0.001,0,0,0,0,0,0,0,0,0,0,0
21:29:16,37,0.431,0.425,0.372,0.378,0.396,0.391,0.005,0,0,0,0,0,0.4,0.403,0.394,0.407,0.359,0.362,0.007,0.004,0.001,0,0.001,0,0.414,0.356,0.357,0.398,0.321,0.377,0.012,0.001,0.004,0.002,0,0.001,0.427,0.358,0.376,0.393,0.379,0.337,0.009,0,0,0.002,0,0,0.453,0.382,0.402,0.359,0.356,0.34,0.007,0.002,0,0.001,0.002,0,0,0,0,0,0,0,0,0,0,0.002,0,0.002,0.003,0,0,0.001,0,0,0,0,0,0.001,0,0,0,0,0,0,0,0,0,0,0,0,0,0
21:59:16,37,0.433,0.429,0.374,0.38,0.398,0.393,0.005,0,0,0,0,0,0.402,0.406,0.397,0.409,0.361,0.364,0.007,0.004,0.001,0,0.001,0,0.416,0.358,0.362,0.4,0.323,0.378,0.012,0.001,0.004,0.002,0,0.001,0.429,0.361,0.379,0.395,0.381,0.338,0.009,0,0,0.002,0,0,0.455,0.385,0.407,0.361,0.357,0.342,0.007,0.002,0,0.001,0.002,0,0.001,0,0,0,0,0,0,0,0,0.002,0,0.001,0.003,0,0,0.001,0,0,0,0,0,0.001,0,0,0,0,0,0,0,0,0,0,0,0,0,0
22:29:16,37,0.435,0.433,0.377,0.383,0.399,0.395,0.005,0,0,0,0,0,0.404,0.408,0.4,0.412,0.362,0.365,0.007,0.004,0.001,0.001,0.001,0,0.417,0.36,0.364,0.402,0.324,0.38,0.012,0.001,0.004,0.002,0,0.001,0.43,0.364,0.382,0.398,0.382,0.34,0.009,0,0,0.001,0,0,0.456,0.388,0.411,0.363,0.358,0.344,0.007,0.002,0,0.001,0.002,0,0.001,0,0,0,0,0,0,0,0,0.002,0,0.002,0.003,0,0,0.001,0,0,0,0,0,0.001,0,0,0.001,0,0,0,0,0,0,0,0,0,0,0
22:59:16,37,0.436,0.436,0.379,0.385,0.401,0.396,0.005,0,0,0,0,0,0.406,0.41,0.402,0.414,0.363,0.368,0.007,0.004,0.001,0.001,0.001,0,0.418,0.363,0.369,0.404,0.326,0.381,0.012,0.001,0.004,0.002,0,0.001,0.432,0.366,0.386,0.399,0.384,0.341,0.009,0,0,0.002,0,0,0.457,0.391,0.417,0.364,0.359,0.346,0.007,0.002,0,0.001,0.002,0,0.001,0,0,0,0,0,0,0,0,0.002,0,0.001,0.003,0,0,0.001,0,0,0,0,0,0.001,0.001,0,0,0,0,0,0,0,0,0,0,0,0,0
23:29:16,37,0.438,0.44,0.382,0.387,0.402,0.398,0.005,0,0,0,0,0,0.407,0.412,0.404,0.415,0.364,0.369,0.006,0.004,0.001,0,0.001,0,0.419,0.365,0.371,0.406,0.327,0.383,0.012,0.001,0.004,0.002,0,0.001,0.433,0.369,0.389,0.402,0.385,0.343,0.009,0,0,0.001,0,0,0.459,0.394,0.423,0.366,0.36,0.348,0.007,0.002,0,0.001,0.002,0,0,0,0,0,0,0,0,0,0,0.002,0,0.001,0.003,0,0,0.001,0,0,0,0,0,0.001,0,0,0,0,0,0,0,0,0,0,0,0,0,0
23:59:16,37,0.44,0.444,0.385,0.389,0.403,0.399,0.005,0,0,0,0,0,0.41,0.415,0.407,0.416,0.365,0.371,0.007,0.004,0.001,0.001,0.001,0,0.421,0.368,0.375,0.408,0.329,0.384,0.012,0.001,0.004,0.002,0,0.001,0.435,0.371,0.393,0.404,0.387,0.345,0.009,0,0,0.002,0,0,0.46,0.399,0.429,0.368,0.362,0.35,0.007,0.002,0,0.001,0.002,0,0.001,0,0,0,0,0,0,0,0,0.002,0,0.002,0.003,0,0,0.001,0,0,0,0,0,0.001,0.001,0,0.001,0,0,0,0,0,0,0,0,0,0,0
24:29:16,37,0.441,0.447,0.388,0.391,0.405,0.401,0.005,0,0,0,0,0,0.412,0.417,0.409,0.418,0.366,0.373,0.006,0.004,0.001,0,0.001,0,0.422,0.37,0.379,0.41,0.329,0.385,0.012,0.001,0.004,0.002,0,0.001,0.436,0.375,0.396,0.407,0.388,0.346,0.009,0,0,0.002,0,0,0.461,0.403,0.436,0.369,0.363,0.353,0.007,0.002,0,0,0.002,0,0.001,0,0,0,0,0,0,0,0,0.002,0,0.001,0.003,0,0,0.001,0,0,0,0,0,0.001,0,0,0,0,0,0,0,0,0,0,0,0,0,0